{
  "version": 1,
  "model_type": "multinomial_naive_bayes",
  "categories": [
    "Makan & Minum",
    "Transport",
    "Belanja",
    "Tagihan",
    "Hiburan",
    "Gaji/Pemasukan",
    "Kesehatan",
    "Transfer"
  ],
  "aliases": {
    "rb": "ribu",
    "rbu": "ribu",
    "k": "ribu",
    "jt": "juta",
    "mio": "juta",
    "rp": "rupiah",
    "tf": "transfer",
    "trf": "transfer",
    "grab": "grab",
    "gojek": "gojek",
    "grabfood": "grabfood",
    "gofood": "gofood",
    "e": "e",
    "toll": "tol"
  },
  "stop_words": [
    "aku",
    "dan",
    "dari",
    "di",
    "idr",
    "juta",
    "ke",
    "mio",
    "rb",
    "rbu",
    "ribu",
    "rp",
    "rupiah",
    "saya",
    "untuk",
    "yang"
  ],
  "class_log_priors": {
    "Makan & Minum": -2.0794415416798357,
    "Transport": -2.0794415416798357,
    "Belanja": -2.0794415416798357,
    "Tagihan": -2.0794415416798357,
    "Hiburan": -2.0794415416798357,
    "Gaji/Pemasukan": -2.0794415416798357,
    "Kesehatan": -2.0794415416798357,
    "Transfer": -2.0794415416798357
  },
  "unknown_log_probs": {
    "Makan & Minum": -5.332718793265369,
    "Transport": -5.308267697401205,
    "Belanja": -5.313205979041787,
    "Tagihan": -5.298317366548036,
    "Hiburan": -5.308267697401205,
    "Gaji/Pemasukan": -5.303304908059076,
    "Kesehatan": -5.288267030694535,
    "Transfer": -5.327876168789581
  },
  "token_log_probs": {
    "Makan & Minum": {
      "air": -4.639571612705423,
      "ayam": -4.639571612705423,
      "bayar": -4.639571612705423,
      "beli": -3.7232808808312687,
      "bubur": -4.639571612705423,
      "cemilan": -4.639571612705423,
      "es": -4.639571612705423,
      "geprek": -4.639571612705423,
      "gofood": -4.639571612705423,
      "gorengan": -4.639571612705423,
      "grabfood": -4.639571612705423,
      "jajan": -4.639571612705423,
      "janji": -4.639571612705423,
      "jiwa": -4.639571612705423,
      "kantin": -4.639571612705423,
      "kopi": -4.639571612705423,
      "makan": -3.7232808808312687,
      "malam": -4.639571612705423,
      "mineral": -4.639571612705423,
      "nasi": -4.639571612705423,
      "padang": -4.639571612705423,
      "pesan": -4.639571612705423,
      "ramen": -4.639571612705423,
      "roti": -4.639571612705423,
      "sarapan": -4.639571612705423,
      "siang": -4.639571612705423,
      "susu": -4.639571612705423,
      "teh": -4.639571612705423,
      "warteg": -4.639571612705423
    },
    "Transport": {
      "angkot": -4.61512051684126,
      "bandara": -4.61512051684126,
      "bayar": -4.61512051684126,
      "beli": -4.61512051684126,
      "bensin": -4.61512051684126,
      "biaya": -4.61512051684126,
      "bike": -4.61512051684126,
      "bus": -4.61512051684126,
      "busway": -4.61512051684126,
      "gojek": -4.61512051684126,
      "grab": -4.61512051684126,
      "isi": -4.61512051684126,
      "kantor": -4.61512051684126,
      "kereta": -4.61512051684126,
      "motor": -4.209655408733095,
      "naik": -4.209655408733095,
      "oli": -4.61512051684126,
      "ongkos": -4.61512051684126,
      "parkir": -4.61512051684126,
      "servis": -4.61512051684126,
      "sewa": -4.61512051684126,
      "taksi": -4.61512051684126,
      "tiket": -4.209655408733095,
      "tol": -4.209655408733095,
      "top": -4.61512051684126,
      "up": -4.61512051684126
    },
    "Belanja": {
      "alat": -4.620058798481842,
      "baju": -4.620058798481842,
      "barang": -4.620058798481842,
      "belanja": -3.926911617921897,
      "beli": -3.115981401705568,
      "bulanan": -4.620058798481842,
      "celana": -4.620058798481842,
      "charger": -4.620058798481842,
      "checkout": -4.620058798481842,
      "lazada": -4.620058798481842,
      "online": -4.620058798481842,
      "pasar": -4.620058798481842,
      "pesan": -4.620058798481842,
      "sabun": -4.620058798481842,
      "sayur": -4.620058798481842,
      "sepatu": -4.620058798481842,
      "shopee": -4.620058798481842,
      "skincare": -4.620058798481842,
      "supermarket": -4.620058798481842,
      "tas": -4.620058798481842,
      "tokopedia": -4.620058798481842,
      "tulis": -4.620058798481842
    },
    "Tagihan": {
      "air": -4.605170185988091,
      "bayar": -2.995732273553991,
      "bpjs": -4.605170185988091,
      "cicilan": -4.605170185988091,
      "internet": -4.605170185988091,
      "iuran": -4.199705077879927,
      "kartu": -4.605170185988091,
      "keamanan": -4.605170185988091,
      "kontrakan": -4.605170185988091,
      "kos": -4.605170185988091,
      "kredit": -4.605170185988091,
      "langganan": -4.605170185988091,
      "lingkungan": -4.605170185988091,
      "listrik": -4.605170185988091,
      "motor": -4.605170185988091,
      "netflix": -4.605170185988091,
      "pdam": -4.605170185988091,
      "tagihan": -4.605170185988091,
      "telepon": -4.605170185988091
    },
    "Hiburan": {
      "bayar": -4.61512051684126,
      "beli": -4.209655408733095,
      "bioskop": -4.61512051684126,
      "bowling": -4.61512051684126,
      "buku": -4.61512051684126,
      "cafe": -4.61512051684126,
      "futsal": -4.61512051684126,
      "game": -4.209655408733095,
      "karaoke": -4.61512051684126,
      "konser": -4.61512051684126,
      "langganan": -4.61512051684126,
      "lapangan": -4.61512051684126,
      "liburan": -4.61512051684126,
      "main": -4.61512051684126,
      "membeli": -4.61512051684126,
      "museum": -4.61512051684126,
      "musik": -4.61512051684126,
      "nongkrong": -4.61512051684126,
      "nonton": -4.61512051684126,
      "novel": -4.61512051684126,
      "pantai": -4.61512051684126,
      "sewa": -4.61512051684126,
      "spotify": -4.61512051684126,
      "steam": -4.61512051684126,
      "tiket": -4.209655408733095,
      "voucher": -4.61512051684126,
      "wisata": -4.61512051684126
    },
    "Gaji/Pemasukan": {
      "ayah": -4.61015772749913,
      "barang": -4.61015772749913,
      "belanja": -4.61015772749913,
      "bonus": -4.61015772749913,
      "bulanan": -4.61015772749913,
      "cashback": -4.61015772749913,
      "dividen": -4.61015772749913,
      "freelance": -4.61015772749913,
      "gaji": -4.204692619390966,
      "hasil": -4.61015772749913,
      "honor": -4.61015772749913,
      "jual": -4.61015772749913,
      "kantor": -4.61015772749913,
      "komisi": -4.61015772749913,
      "lembur": -4.61015772749913,
      "masuk": -3.917010546939185,
      "menerima": -4.61015772749913,
      "mengajar": -4.61015772749913,
      "pemasukan": -4.61015772749913,
      "pendapatan": -4.61015772749913,
      "proyek": -4.61015772749913,
      "refund": -4.61015772749913,
      "saham": -4.61015772749913,
      "toko": -4.61015772749913,
      "transfer": -4.61015772749913,
      "uang": -4.61015772749913
    },
    "Kesehatan": {
      "apotek": -4.59511985013459,
      "batuk": -4.59511985013459,
      "bayar": -4.189654742026425,
      "beli": -4.189654742026425,
      "biaya": -4.59511985013459,
      "cek": -4.59511985013459,
      "dokter": -4.189654742026425,
      "fisioterapi": -4.59511985013459,
      "klinik": -4.59511985013459,
      "konsultasi": -4.59511985013459,
      "lab": -4.59511985013459,
      "masker": -4.59511985013459,
      "obat": -4.189654742026425,
      "periksa": -4.59511985013459,
      "psikolog": -4.59511985013459,
      "resep": -4.59511985013459,
      "rumah": -4.59511985013459,
      "sakit": -4.59511985013459,
      "tebus": -4.59511985013459,
      "terapi": -4.59511985013459,
      "vaksin": -4.59511985013459,
      "vitamin": -4.59511985013459
    },
    "Transfer": {
      "antar": -4.634728988229636,
      "bank": -4.634728988229636,
      "beli": -4.634728988229636,
      "bibit": -3.9415818076696905,
      "budi": -4.634728988229636,
      "dana": -4.634728988229636,
      "gopay": -4.634728988229636,
      "ibu": -4.634728988229636,
      "investasi": -4.634728988229636,
      "isi": -4.634728988229636,